{"cameraMode":{"drawMode":0,"name":"Shaded","section":"Shading Mode"},"sceneLighting":false,"audioPlay":false,"sceneViewState":{"showFog":true,"showMaterialUpdate":true,"showSkybox":false,"showFlares":true,"showImageEffects":true,"showParticleSystems":true,"showVisualEffectGraphs":true,"m_FxEnabled":true},"in2DMode":false,"pivot":{"x":-12.825150489807129,"y":11.058524131774903,"z":-8.742666244506836},"rotation":{"x":-0.0018111559329554439,"y":0.9981985092163086,"z":-0.04225889593362808,"w":-0.043149445205926898},"size":11.648144721984864,"orthographic":false}