{"cameraMode":{"drawMode":0,"name":"Shaded","section":"Shading Mode"},"sceneLighting":true,"audioPlay":false,"sceneViewState":{"showFog":true,"showMaterialUpdate":true,"showSkybox":true,"showFlares":true,"showImageEffects":true,"showParticleSystems":true,"showVisualEffectGraphs":true,"m_FxEnabled":true},"in2DMode":false,"pivot":{"x":-0.8137394189834595,"y":4.625679969787598,"z":14.146240234375},"rotation":{"x":0.10331253707408905,"y":-0.0032820776104927065,"z":0.0003412002115510404,"w":0.9946429133415222},"size":33.95862579345703,"orthographic":false}