{"cameraMode":{"drawMode":0,"name":"Shaded","section":"Shading Mode"},"sceneLighting":true,"audioPlay":false,"sceneViewState":{"showFog":true,"showMaterialUpdate":true,"showSkybox":true,"showFlares":true,"showImageEffects":true,"showParticleSystems":true,"showVisualEffectGraphs":true,"m_FxEnabled":true},"in2DMode":false,"pivot":{"x":16.16499900817871,"y":4.7174835205078129,"z":25.52694320678711},"rotation":{"x":0.04045655205845833,"y":-0.04844535142183304,"z":0.00171898293774575,"w":0.9980973601341248},"size":22.653926849365236,"orthographic":false}