{"cameraMode":{"drawMode":0,"name":"Shaded","section":"Shading Mode"},"sceneLighting":true,"audioPlay":false,"sceneViewState":{"showFog":true,"showMaterialUpdate":true,"showSkybox":true,"showFlares":true,"showImageEffects":true,"showParticleSystems":true,"showVisualEffectGraphs":true,"m_FxEnabled":true},"in2DMode":false,"pivot":{"x":76.27885437011719,"y":-48.349945068359378,"z":148.04905700683595},"rotation":{"x":0.1345123052597046,"y":-0.03801649808883667,"z":0.00508860033005476,"w":0.9902943968772888},"size":127.89630126953125,"orthographic":false}