{"cameraMode":{"drawMode":0,"name":"Shaded","section":"Shading Mode"},"sceneLighting":true,"audioPlay":false,"sceneViewState":{"showFog":true,"showMaterialUpdate":true,"showSkybox":true,"showFlares":true,"showImageEffects":true,"showParticleSystems":true,"showVisualEffectGraphs":true,"m_FxEnabled":true},"in2DMode":false,"pivot":{"x":3.4999582767486574,"y":4.95309591293335,"z":1.4999158382415772},"rotation":{"x":0.09705673903226853,"y":-0.34087592363357546,"z":0.035406723618507388,"w":0.9344139099121094},"size":1.6511521339416505,"orthographic":false}