{"cameraMode":{"drawMode":0,"name":"Shaded","section":"Shading Mode"},"sceneLighting":false,"audioPlay":false,"sceneViewState":{"showFog":true,"showMaterialUpdate":false,"showSkybox":false,"showFlares":true,"showImageEffects":true,"showParticleSystems":true,"showVisualEffectGraphs":true,"m_FxEnabled":true},"in2DMode":false,"pivot":{"x":-3.7407455444335939,"y":10.854830741882325,"z":5.883441925048828},"rotation":{"x":-0.09577915072441101,"y":0.08856639266014099,"z":-0.008556248620152474,"w":-0.9914188981056213},"size":12.549869537353516,"orthographic":false}