{"cameraMode":{"drawMode":0,"name":"Shaded","section":"Shading Mode"},"sceneLighting":false,"audioPlay":false,"sceneViewState":{"showFog":true,"showMaterialUpdate":true,"showSkybox":false,"showFlares":true,"showImageEffects":true,"showParticleSystems":true,"showVisualEffectGraphs":true,"m_FxEnabled":true},"in2DMode":false,"pivot":{"x":-13.25578498840332,"y":15.602278709411621,"z":0.006356179714202881},"rotation":{"x":-0.06775818020105362,"y":0.0035872727166861297,"z":-0.0002662760089151561,"w":-0.9977178573608398},"size":6.703433990478516,"orthographic":false}